"Rank","Brewery","Beer","Style","ABV","Rating","Ratings","Reviews","Street","Street2","City","State","Zip"
1,"Tree House Brewing Company","Good Morning","American Double / Imperial Stout","8.40%",4.72,1009,63,"160 E Hill Rd","","Monson","MA","1057"
2,"Toppling Goliath Brewing Company","Kentucky Brunch Brand Stout","American Double / Imperial Stout","12.00%",4.72,553,183,"310 College Dr","","Decorah","IO","52101"
3,"Voodoo Brewing Company","ManBearPig","American Double / Imperial Stout","14.10%",4.67,194,141,"215 Arch St","","Meadville","PA","16335"
4,"Tree House Brewing Company","King Julius","American Double / Imperial IPA","8.30%",4.67,730,24,"160 E Hill Rd","","Monson","MA","1057"
5,"Tree House Brewing Company","Very Hazy","American Double / Imperial IPA","8.60%",4.66,528,169,"160 E Hill Rd","","Monson","MA","1057"
6,"Russian River Brewing Company","Pliny The Younger","American Double / Imperial IPA","10.25%",4.66,2991,178,"725 4th St","","Santa Rosa","CA","95404"
7,"Toppling Goliath Brewing Company","Mornin' Delight","American Double / Imperial Stout","12.00%",4.65,1063,51,"310 College Dr","","Decorah","IO","52101"
8,"Cigar City Brewing","Hunahpu's Imperial Stout - Double Barrel Aged","American Double / Imperial Stout","11.00%",4.65,1373,27,"3924 W Spruce St","","Tampa","FL","33607"
9,"The Alchemist","Heady Topper","American Double / Imperial IPA","8.00%",4.65,13036,55,"35 Crossroad","","Waterbury","VT","5676"
10,"Three Floyds Brewing Company","Marshmallow Handjee (Bourbon Barrel Aged Vanilla Bean Dark Lord)","Russian Imperial Stout","15.00%",4.64,1457,91,"9750 Indiana Pkwy","","Munster","IN","46321"
11,"Tree House Brewing Company","King JJJuliusss","American Double / Imperial IPA","8.40%",4.64,369,155,"160 E Hill Rd","","Monson","MA","1057"
12,"Maine Beer Company","Dinner","American Double / Imperial IPA","8.20%",4.63,1894,72,"525 US Route 1","","Freeport","ME","4032"
13,"Tree House Brewing Company","Julius","American IPA","6.80%",4.62,3305,131,"160 E Hill Rd","","Monson","MA","1057"
14,"Founders Brewing Company","Founders CBS Imperial Stout","American Double / Imperial Stout","10.60%",4.62,4283,184,"235 Grandville Ave SW","","Grand Rapids","MI","49503"
15,"Tree House Brewing Company","Juice Machine","American Double / Imperial IPA","8.20%",4.61,518,14,"160 E Hill Rd","","Monson","MA","1057"
16,"Perennial Artisan Ales","Barrel-Aged Abraxas","American Double / Imperial Stout","11.00%",4.61,1266,21,"8125 Michigan Ave","","Saint Louis","MI","63111"
17,"Brouwerij Westvleteren (Sint-Sixtusabdij van Westvleteren)","Trappist Westvleteren 12 (XII)","Quadrupel (Quad)","10.20%",4.61,6208,12,"Donkerstraat 12","","Westvleteren","Belgium","8640"
18,"Bottle Logic Brewing","Fundamental Observation","American Double / Imperial Stout","14.30%",4.6,725,31,"1072 N Armando St","","Anaheim","CA","92806"
19,"Russian River Brewing Company","Pliny The Elder","American Double / Imperial IPA","8.00%",4.6,14191,94,"725 4th St","","Santa Rosa","CA","95404"
20,"Tree House Brewing Company","Very Green","American Double / Imperial IPA","8.60%",4.6,571,175,"160 E Hill Rd","","Monson","MA","1057"
21,"Goose Island Beer Company","Bourbon County Brand Coffee Stout","American Double / Imperial Stout","13.40%",4.57,6945,3,"1800 W Fulton St","","Chicago","IL","60612"
22,"Toppling Goliath Brewing Company","King Sue","American Double / Imperial IPA","8.00%",4.57,1692,68,"310 College Dr","","Decorah","IO","52101"
23,"Tree House Brewing Company","JJJuliusss","American IPA","6.80%",4.57,337,136,"160 E Hill Rd","","Monson","MA","1057"
24,"Funky Buddha Brewery","Morning Wood","American Porter","12.00%",4.56,695,16,"1201 NE 38th St","","Oakland Park","FL","33334"
25,"AleSmith Brewing Company","AleSmith Speedway Stout - Vietnamese Coffee (Bourbon Barrel Aged)","American Double / Imperial Stout","12.00%",4.56,649,156,"9990 AleSmith Ct","","San Diego","CA","92126"
26,"Hill Farmstead Brewery","Ann","Saison / Farmhouse Ale","6.50%",4.56,343,162,"403 Hill Rd","","Greensboro Bend","VT","5842"
27,"Hill Farmstead Brewery","Abner","American Double / Imperial IPA","8.20%",4.56,2529,112,"403 Hill Rd","","Greensboro Bend","VT","5842"
28,"Founders Brewing Company","Founders KBS (Kentucky Breakfast Stout)","American Double / Imperial Stout","12.40%",4.56,12074,92,"235 Grandville Ave SW","","Grand Rapids","MI","49503"
29,"The Alchemist","Focal Banger","American IPA","7.00%",4.56,2818,105,"35 Crossroad","","Waterbury","VT","5676"
30,"Lawson's Finest Liquids","Sip Of Sunshine","American Double / Imperial IPA","8.00%",4.55,4367,135,"Not Open to Public","","Warren","VT","5674"
31,"Tree House Brewing Company","Green","American IPA","7.60%",4.55,2121,97,"160 E Hill Rd","","Monson","MA","1057"
32,"Lawson's Finest Liquids","Triple Sunshine IPA","American Double / Imperial IPA","10.50%",4.55,593,141,"Not Open to Public","","Warren","VT","5674"
33,"Trillium Brewing Company","Double Dry Hopped Congress Street","American IPA","7.20%",4.54,956,19,"369 Congress St","","Boston","MA","2210"
34,"Kern River Brewing Company","Citra","American Double / Imperial IPA","8.00%",4.54,1723,115,"13415 Sierra Way","","Kernville","CA","93238"
35,"Tree House Brewing Company","Doppelganger","American Double / Imperial IPA","8.20%",4.54,914,25,"160 E Hill Rd","","Monson","MA","1057"
36,"Tree House Brewing Company","Alter Ego","American IPA","6.80%",4.54,1671,78,"160 E Hill Rd","","Monson","MA","1057"
37,"Lawson's Finest Liquids","Double Sunshine IPA","American Double / Imperial IPA","8.00%",4.54,2108,104,"Not Open to Public","","Warren","VT","5674"
38,"Toppling Goliath Brewing Company","Double Dry Hopped PseudoSue (Citra)","American Pale Ale (APA)","5.80%",4.53,345,146,"310 College Dr","","Decorah","IO","52101"
39,"Firestone Walker Brewing Company","Parabola","Russian Imperial Stout","14.00%",4.53,6281,4,"1400 Ramada Drive","","Paso Robles","CA","93446"
40,"Funky Buddha Brewery","Snowed In - Bourbon Barrel Aged","American Double / Imperial Stout","11.00%",4.53,346,141,"1201 NE 38th St","","Oakland Park","FL","33334"
41,"Hill Farmstead Brewery","Society & Solitude #4","American Double / Imperial IPA","8.00%",4.53,1092,34,"403 Hill Rd","","Greensboro Bend","VT","5842"
42,"Kane Brewing Company","Sunday Brunch","American Porter","9.20%",4.53,502,142,"1750 Bloomsbury Ave","","Ocean","NJ","7712"
43,"Three Floyds Brewing Company","Zombie Dust","American Pale Ale (APA)","6.20%",4.52,9885,8,"9750 Indiana Pkwy","","Munster","IN","46321"
44,"Hill Farmstead Brewery","Double Galaxy","American Double / Imperial IPA","8.00%",4.52,1307,63,"403 Hill Rd","","Greensboro Bend","VT","5842"
45,"Tree House Brewing Company","Haze","American Double / Imperial IPA","8.20%",4.52,1814,80,"160 E Hill Rd","","Monson","MA","1057"
46,"Bissell Brothers Brewing Company","Swish","American Double / Imperial IPA","8.00%",4.52,1029,35,"4 THOMPSONS PT","STE 108-109","Portland","ME","4102"
47,"Brasserie Cantillon","Cantillon Fou' Foune","Lambic - Fruit","5.00%",4.52,2817,133,"Rue Gheude 56","","Brussels","Belgium","1070"
48,"The Lost Abbey","Duck Duck Gooze","Gueuze","7.00%",4.51,1733,86,"155 Mata Way #104","","San Marcos","CA","92069"
49,"Toppling Goliath Brewing Company","Assassin Imperial Stout","American Double / Imperial Stout","12.00%",4.5,1093,14,"310 College Dr","","Decorah","IO","52101"
50,"Trillium Brewing Company","Headroom","American Double / Imperial IPA","8.00%",4.5,424,148,"369 Congress St","","Boston","MA","2210"
51,"Aslin Beer Company","Master Of Karate","American Double / Imperial IPA","8.40%",4.5,196,142,"1330 N Forest St","","Bellingham","WA","98225"
52,"Tree House Brewing Company","In Perpetuity","American IPA","6.70%",4.5,457,167,"160 E Hill Rd","","Monson","MA","1057"
53,"Cigar City Brewing","Hunahpu's Imperial Stout","American Double / Imperial Stout","11.00%",4.5,4032,159,"3924 W Spruce St","","Tampa","FL","33607"
54,"Goose Island Beer Company","Bourbon County Brand Stout","American Double / Imperial Stout","13.80%",4.5,12042,60,"1800 W Fulton St","","Chicago","IL","60612"
55,"Trillium Brewing Company","Galaxy Dry Hopped Fort Point Pale Ale","American Pale Ale (APA)","6.60%",4.49,1442,41,"369 Congress St","","Boston","MA","2210"
56,"Russian River Brewing Company","Supplication","American Wild Ale","7.00%",4.49,6234,7,"725 4th St","","Santa Rosa","CA","95404"
57,"Hill Farmstead Brewery","Double Citra","American Double / Imperial IPA","8.00%",4.49,1698,63,"403 Hill Rd","","Greensboro Bend","VT","5842"
58,"Tree House Brewing Company","Double Shot","American Stout","7.60%",4.49,809,158,"160 E Hill Rd","","Monson","MA","1057"
59,"Side Project Brewing","Fuzzy","American Wild Ale","8.00%",4.49,708,158,"7373 Marietta Ave","","Maplewood","MI","63143"
60,"Tree House Brewing Company","Doubleganger","American Double / Imperial IPA","8.20%",4.49,154,99,"160 E Hill Rd","","Monson","MA","1057"
61,"Brasserie Cantillon","Cantillon Blåbær Lambik","Lambic - Fruit","5.00%",4.49,774,81,"Rue Gheude 56","","Brussels","Belgium","1070"
62,"Trillium Brewing Company","Double Dry Hopped Fort Point Pale Ale","American Pale Ale (APA)","6.60%",4.49,1182,23,"369 Congress St","","Boston","MA","2210"
63,"Brouwerij Drie Fonteinen","Drie Fonteinen Zenne Y Frontera","Lambic - Unblended","7.00%",4.49,131,109,"3 Herman Teirlinckplein","","Beersel","Belgium","1650"
64,"Bell's Brewery, Inc.","Bell's Black Note Stout","American Double / Imperial Stout","11.40%",4.49,4186,149,"355 E. KALAMAZOO?AVE.","","Kalamazoo","MI","49007"
65,"Toppling Goliath Brewing Company","PseudoSue","American Pale Ale (APA)","5.80%",4.49,4072,143,"310 College Dr","","Decorah","IO","52101"
66,"Jester King Brewery","Atrial Rubicite","American Wild Ale","5.80%",4.48,1684,38,"13005 Fitzhugh Road","Bld. B","Austin","TX","78736"
67,"Fremont Brewing Company","Bourbon Barrel Aged Abominable: Coffee And Cinnamon","American Strong Ale","14.00%",4.48,747,181,"3409 Woodland Park Avenue North","","Seattle","WA","98103"
68,"Three Floyds Brewing Company","Bourbon Barrel Aged Dark Lord Imperial Stout","Russian Imperial Stout","15.00%",4.48,808,54,"9750 Indiana Pkwy","","Munster","IN","46321"
69,"Kuhnhenn Brewing Company","Kuhnhenn Bourbon Barrel Fourth Dementia","Old Ale","13.50%",4.48,1890,119,"5919 Chicago Rd","","Warren","MI","48092"
70,"Fremont Brewing Company","The Rusty Nail","American Double / Imperial Stout","13.20%",4.48,182,116,"3409 Woodland Park Avenue North","","Seattle","WA","98103"
71,"Deschutes Brewery","The Abyss","American Double / Imperial Stout","12.20%",4.48,6923,13,"901 SW Simpson Ave","","Bend","OR","97702"
72,"Trillium Brewing Company","Scaled Way Up","American Double / Imperial IPA","8.00%",4.47,331,129,"369 Congress St","","Boston","MA","2210"
73,"Trillium Brewing Company","Cutting Tiles (Mosaic)","American Double / Imperial IPA","8.50%",4.47,1062,36,"369 Congress St","","Boston","MA","2210"
74,"Boneyard Beer Company","Notorious Triple IPA","American Double / Imperial IPA","12.00%",4.47,736,177,"37 NW Lake Pl, Suite B","","Bend","OR","97701"
75,"Prairie Artisan Ales","BOMB!","American Double / Imperial Stout","13.00%",4.47,5708,170,"1803 S 49th West Ave","","Tulsa","OK","74107"
76,"Brouwerij Westvleteren (Sint-Sixtusabdij van Westvleteren)","Trappist Westvleteren 8 (VIII)","Dubbel","8.00%",4.47,2114,163,"Donkerstraat 12","","Westvleteren","Belgium","8640"
77,"Firestone Walker Brewing Company","Parabajava","Russian Imperial Stout","14.00%",4.47,642,161,"1400 Ramada Drive","","Paso Robles","CA","93446"
78,"Hill Farmstead Brewery","Ephraim","American Double / Imperial IPA","10.00%",4.47,1010,75,"403 Hill Rd","","Greensboro Bend","VT","5842"
79,"The Lost Abbey","Cable Car","American Wild Ale","7.00%",4.47,969,73,"155 Mata Way #104","","San Marcos","CA","92069"
80,"Founders Brewing Company","Founders Breakfast Stout","American Double / Imperial Stout","8.30%",4.47,16306,95,"235 Grandville Ave SW","","Grand Rapids","MI","49503"
81,"New England Brewing Company","Fuzzy Baby Ducks IPA","American IPA","6.20%",4.47,739,172,"175 Amity Rd","","Woodbridge","CT","6525"
82,"Brasserie de Rochefort","Trappistes Rochefort 10","Quadrupel (Quad)","11.30%",4.47,9092,59,"Rue de l'Abbaye 8","","Rochefort","Belgium","5580"
83,"Goose Island Beer Company","Bourbon County Brand Barleywine Ale","English Barleywine","12.10%",4.47,5036,140,"1800 W Fulton St","","Chicago","IL","60612"
84,"Evil Twin Brewing","Evil Twin Double Barrel Jesus","American Double / Imperial Stout","12.00%",4.46,602,157,"446 Kent Ave","Apt 14A","Brooklyn","NY","11249"
85,"Mikkeller ApS","Beer Geek Vanilla Shake (Bourbon Edition)","American Double / Imperial Stout","13.00%",4.46,328,129,"Humletorvet 27, 3 sal","","Copenhagen","Denmark",""
86,"Dark Horse Brewing Company","Dark Horse Bourbon Barrel Aged Plead The 5th","Russian Imperial Stout","12.00%",4.46,3076,122,"511 South Kalamazoo Street","","Marshall","MI","49068"
87,"Ozark Beer Company","BDCS","American Double / Imperial Stout","10.20%",4.46,310,138,"1700 S 1st St","","Rogers","AR","72756"
88,"Oskar Blues Grill & Brew","Ten FIDY Bourbon Barrel Aged","Russian Imperial Stout","12.90%",4.46,1017,50,"303 Main St","","Lyons","CO","80540"
89,"The Alchemist","Crusher","American Double / Imperial IPA","9.60%",4.46,1490,49,"35 Crossroad","","Waterbury","VT","5676"
90,"Brasserie Cantillon","Cantillon Lou Pepe - Kriek","Lambic - Fruit","5.00%",4.46,1695,108,"Rue Gheude 56","","Brussels","Belgium","1070"
91,"The Bruery","Black Tuesday","American Double / Imperial Stout","19.20%",4.46,3810,151,"715 Dunn Way","","Placentia","CA","92870"
92,"Funky Buddha Brewery","Wide Awake It's Morning","American Porter","10.00%",4.46,660,20,"1201 NE 38th St","","Oakland Park","FL","33334"
93,"Russian River Brewing Company","Beatification","American Wild Ale","5.50%",4.46,2594,139,"725 4th St","","Santa Rosa","CA","95404"
94,"Hill Farmstead Brewery","Society & Solitude #5","American Double / Imperial IPA","8.10%",4.46,1378,40,"403 Hill Rd","","Greensboro Bend","VT","5842"
95,"Prairie Artisan Ales","Pirate Bomb!","American Double / Imperial Stout","14.00%",4.46,1936,65,"1803 S 49th West Ave","","Tulsa","OK","74107"
96,"Cigar City Brewing","Decoherence","American Double / Imperial Stout","12.90%",4.46,181,96,"3924 W Spruce St","","Tampa","FL","33607"
97,"Brouwerij Drie Fonteinen","Drie Fonteinen Oude Geuze Vintage","Gueuze","6.00%",4.45,709,25,"3 Herman Teirlinckplein","","Beersel","Belgium","1650"
98,"Trillium Brewing Company","Fort Point Pale Ale","American Pale Ale (APA)","6.60%",4.45,1790,52,"369 Congress St","","Boston","MA","2210"
99,"Hill Farmstead Brewery","Susan","American IPA","6.20%",4.45,1774,52,"403 Hill Rd","","Greensboro Bend","VT","5842"
100,"Cigar City Brewing","Caffè Americano","American Double / Imperial Stout","11.00%",4.45,975,23,"3924 W Spruce St","","Tampa","FL","33607"
101,"Surly Brewing Company","Abrasive Ale","American Double / Imperial IPA","9.00%",4.45,4496,180,"4811 Dusharme Dr","","Brooklyn Center","MN","55429"
102,"Firestone Walker Brewing Company","§ucaba","English Barleywine","12.50%",4.45,4959,173,"1400 Ramada Drive","","Paso Robles","CA","93446"
103,"Toppling Goliath Brewing Company","Sosus","American Double / Imperial IPA","8.00%",4.45,1284,34,"310 College Dr","","Decorah","IO","52101"
104,"Hill Farmstead Brewery","Everett Porter","American Porter","7.50%",4.45,2573,114,"403 Hill Rd","","Greensboro Bend","VT","5842"
105,"Brouwerij Drie Fonteinen","Drie Fonteinen Oude Geuze Golden Blend","Gueuze","7.50%",4.45,1010,48,"3 Herman Teirlinckplein","","Beersel","Belgium","1650"
106,"Heist Brewery","Citraquench'l","American IPA","6.70%",4.45,120,109,"2901 N Davidson St","","Charlotte","NC","28205"
107,"Surly Brewing Company","Todd The Axe Man","American IPA","7.20%",4.45,2173,110,"4811 Dusharme Dr","","Brooklyn Center","MN","55429"
108,"AleSmith Brewing Company","AleSmith Speedway Stout - Bourbon Barrel Aged","American Double / Imperial Stout","12.00%",4.45,2072,106,"9990 AleSmith Ct","","San Diego","CA","92126"
109,"de Garde Brewing","Nectarine Premiere","Saison / Farmhouse Ale","7.10%",4.45,203,88,"6000 Blimp Blvd","","Tillamook","OR","97141"
110,"Trillium Brewing Company","Congress Street IPA","American IPA","7.20%",4.45,1865,69,"369 Congress St","","Boston","MA","2210"
111,"Trillium Brewing Company","Mosaic Dry Hopped Fort Point","American Pale Ale (APA)","6.60%",4.45,965,18,"369 Congress St","","Boston","MA","2210"
112,"Jackie O's Pub & Brewery","Bourbon Barrel Champion Ground","American Double / Imperial Stout","11.00%",4.45,451,164,"24 W Union St","","Athens","OH","45701"
113,"de Garde Brewing","The Broken Truck","Gueuze","5.00%",4.44,157,82,"6000 Blimp Blvd","","Tillamook","OR","97141"
114,"Fremont Brewing Company","Brew 1000 - Bourbon Barrel Aged","English Barleywine","13.10%",4.44,170,102,"3409 Woodland Park Avenue North","","Seattle","WA","98103"
115,"Alpine Beer Company","Keene Idea","American Double / Imperial IPA","8.88%",4.44,445,147,"2363 Alpine Blvd","","Alpine","CA","91901"
116,"Peg's Cantina & Brew Pub","Trademark Dispute: Hazelnut","American Double / Imperial Stout","Imperial",4.44,200,96,"Closed","","","",""
117,"Funky Buddha Brewery","Last Buffalo In The Park","American Double / Imperial Stout","11.50%",4.44,243,113,"1201 NE 38th St","","Oakland Park","FL","33334"
118,"Three Floyds Brewing Company","Permanent Funeral","American Double / Imperial IPA","10.50%",4.44,2794,100,"9750 Indiana Pkwy","","Munster","IN","46321"
119,"Bell's Brewery, Inc.","Hopslam Ale","American Double / Imperial IPA","10.00%",4.44,12795,93,"355 E. KALAMAZOO?AVE.","","Kalamazoo","MI","49007"
120,"J. Wakefield Brewing","Miami Madness","Berliner Weissbier","5.50%",4.44,292,125,"120 NW 24th St","","Miami","FL","33127"
121,"Firestone Walker Brewing Company","Stickee Monkee","Quadrupel (Quad)","11.60%",4.43,2329,83,"1400 Ramada Drive","","Paso Robles","CA","93446"
122,"Trillium Brewing Company","Upper Case","American Double / Imperial IPA","9.00%",4.43,790,15,"369 Congress St","","Boston","MA","2210"
123,"Trillium Brewing Company","Heavy Mettle","American Double / Imperial IPA","9.30%",4.43,793,172,"369 Congress St","","Boston","MA","2210"
124,"Prairie Artisan Ales","Barrel Aged Bomb!","American Double / Imperial Stout","11.20%",4.43,1019,46,"1803 S 49th West Ave","","Tulsa","OK","74107"
125,"Evil Twin Brewing","Imperial Biscotti Break Bourbon Barrel Aged","American Double / Imperial Stout","11.50%",4.43,1549,29,"446 Kent Ave","Apt 14A","Brooklyn","NY","11249"
126,"Hair of the Dog Brewing Company / Brewery and Tasting Room","Adam From The Wood","Old Ale","12.00%",4.43,946,43,"61 SE Yamhill St","","Portland","OR","97214"
127,"Stone Brewing","Imperial Russian Stout - Bourbon Barrel Aged","Russian Imperial Stout","13.50%",4.43,1141,42,"1999 Citracado Parkway","","Escondido","CA","92029"
128,"Hill Farmstead Brewery","Juicy","Saison / Farmhouse Ale","7.40%",4.43,487,166,"403 Hill Rd","","Greensboro Bend","VT","5842"
129,"Anchorage Brewing Company","A Deal With The Devil","American Barleywine","17.30%",4.43,966,27,"148 West 91st Ave?","","Anchorage","AK","99515"
130,"Fremont Brewing Company","Bourbon Barrel Aged Dark Star Oatmeal Stout","Oatmeal Stout","14.50%",4.43,449,145,"3409 Woodland Park Avenue North","","Seattle","WA","98103"
131,"Peg's Cantina & Brew Pub","Rare Scooop","American Double / Imperial Stout","Imperial",4.43,106,74,"Closed","","","",""
132,"Prairie Artisan Ales","Prairie Apple Brandy Noir","American Double / Imperial Stout","12.00%",4.43,1438,53,"1803 S 49th West Ave","","Tulsa","OK","74107"
133,"Brouwerij Rodenbach N.V.","Alexander","Flanders Red Ale","5.00%",4.42,443,32,"Spanjestraat 133-141","","Roeselare","Belgium","8800"
134,"Funky Buddha Brewery","Maple Bacon Coffee Porter","American Porter","6.40%",4.42,1723,77,"1201 NE 38th St","","Oakland Park","FL","33334"
135,"Funky Buddha Brewery","Last Snow","American Porter","6.40%",4.42,1720,76,"1201 NE 38th St","","Oakland Park","FL","33334"
136,"Brouwerij Drie Fonteinen","Drie Fonteinen Framboos","Lambic - Fruit","5.00%",4.42,650,17,"3 Herman Teirlinckplein","","Beersel","Belgium","1650"
137,"Perrin Brewery","No Rules","American Porter","15.00%",4.42,1018,66,"5910 Comstock Park Dr NW","","Comstock Park","MI","49321"
138,"Brouwerij St. Bernardus NV","St. Bernardus Abt 12","Quadrupel (Quad)","10.00%",4.42,9368,58,"Trappistenweg 23","","Watou","Belgium","8978"
139,"New England Brewing Company","Coriolis","American Double / Imperial IPA","8.20%",4.42,576,155,"175 Amity Rd","","Woodbridge","CT","6525"
140,"Brasserie Cantillon","Cantillon Lou Pepe - Framboise","Lambic - Fruit","5.00%",4.42,1255,89,"Rue Gheude 56","","Brussels","Belgium","1070"
141,"Sante Adairius Rustic Ales","Saison Bernice","Saison / Farmhouse Ale","6.50%",4.42,840,162,"103 Kennedy Dr","","Capitola","CA","95010"
142,"Brasserie Cantillon","Cantillon Saint Lamvinus","Lambic - Fruit","5.00%",4.42,2018,128,"Rue Gheude 56","","Brussels","Belgium","1070"
143,"Columbus Brewing Company","Columbus Bodhi DIPA","American Double / Imperial IPA","8.50%",4.42,1439,53,"2555 Harrison Rd","","Columbus","OH","43204"
144,"Grimm Artisanal Ales","Afterimage","American Double / Imperial IPA","8.00%",4.41,432,160,"PO Box 150472","","Brooklyn","NY","11215"
145,"Hangar 24 Brewery","Pugachev Royale","Russian Imperial Stout","14.80%",4.41,195,84,"1710 Sessums Drive","","Redlands","CA","92374"
146,"Russian River Brewing Company","Temptation","American Wild Ale","7.50%",4.41,3634,1,"725 4th St","","Santa Rosa","CA","95404"
147,"Fat Head's Brewery & Saloon","Hop JuJu Imperial IPA","American Double / Imperial IPA","9.00%",4.41,1975,79,"24581 Lorain Rd.","","North Olmstead","OH","44070"
148,"Surly Brewing Company","Darkness","Russian Imperial Stout","10.30%",4.41,3741,171,"4811 Dusharme Dr","","Brooklyn Center","MN","55429"
149,"Tree House Brewing Company","Triple Shot","American Double / Imperial Stout","9.00%",4.41,254,96,"160 E Hill Rd","","Monson","MA","1057"
150,"J. Wakefield Brewing","Dragon Fruit Passion Fruit Berliner","Berliner Weissbier","3.50%",4.41,292,123,"120 NW 24th St","","Miami","FL","33127"
151,"The Bruery","Chocolate Rain","American Double / Imperial Stout","18.50%",4.41,2612,103,"715 Dunn Way","","Placentia","CA","92870"
152,"Jackie O's Pub & Brewery","Oro Negro","American Double / Imperial Stout","10.50%",4.41,652,17,"24 W Union St","","Athens","OH","45701"
153,"Peg's Cantina & Brew Pub","Peg's G.O.O.D. RareR D.O.S.","American Double / Imperial Stout","10.00%",4.41,736,17,"Closed","","","",""
154,"Alpine Beer Company","Bad Boy","American Double / Imperial IPA","9.00%",4.41,549,27,"2363 Alpine Blvd","","Alpine","CA","91901"
155,"Perennial Artisan Ales","Abraxas","American Double / Imperial Stout","10.00%",4.41,2408,98,"8125 Michigan Ave","","Saint Louis","MI","63111"
156,"FiftyFifty Brewing Company","Imperial Eclipse Stout - Elijah Craig (12 Year)","American Double / Imperial Stout","11.90%",4.41,1867,90,"11197 Brockway Rd","","Truckee","CA","96161"
157,"Kane Brewing Company","Mexican Brunch","American Porter","9.20%",4.41,221,84,"1750 Bloomsbury Ave","","Ocean","NJ","7712"
158,"Brouwerij Rodenbach N.V.","Rodenbach Caractère Rouge","Flanders Red Ale","7.00%",4.41,1380,62,"Spanjestraat 133-141","","Roeselare","Belgium","8800"
159,"Pelican Pub & Brewery","Mother Of All Storms","English Barleywine","14.00%",4.41,1927,127,"33180 Cape Kiwanda Dr.","","Pacific City","OR","97135"
160,"Fiddlehead Brewing Company","Second Fiddle","American Double / Imperial IPA","8.20%",4.41,1705,52,"6305 Shelburne Rd","","Shelburne","VT","5482"
161,"Aslin Beer Company","Orange Starfish","American IPA","5.70%",4.4,133,88,"1330 N Forest St","","Bellingham","WA","98225"
162,"SingleCut Beersmiths","Softly Spoken Magic Spells","American Double / Imperial IPA","8.60%",4.4,608,33,"19-33 37th St","","Queens","NY","11105"
163,"Lagunitas Brewing Company","Born Yesterday Pale Ale","American Pale Ale (APA)","7.00%",4.4,2235,120,"1280 N McDowell Blvd","","Petaluma","CA","94954"
164,"Russian River Brewing Company","Consecration","American Wild Ale","10.00%",4.4,5207,2,"725 4th St","","Santa Rosa","CA","95404"
165,"Tree House Brewing Company","Curiosity Twenty Seven","American Double / Imperial IPA","8.00%",4.4,125,71,"160 E Hill Rd","","Monson","MA","1057"
166,"Sante Adairius Rustic Ales","Westly","American Wild Ale","8.50%",4.4,229,96,"103 Kennedy Dr","","Capitola","CA","95010"
167,"Trillium Brewing Company","Dialed In (w/ Sauvignon Blanc Juice)","American Double / Imperial IPA","8.50%",4.4,471,150,"369 Congress St","","Boston","MA","2210"
168,"Jester King Brewery","Montmorency Vs Balaton","American Wild Ale","6.70%",4.4,695,138,"13005 Fitzhugh Road","Bld. B","Austin","TX","78736"
169,"Willoughby Brewing","Nut Smasher","American Double / Imperial Stout","11.00%",4.4,295,145,"4057 Erie Street","","Willoughby","OH","44094"
170,"Fremont Brewing Company","Bourbon Barrel Aged Dark Star: Coffee Edition","Oatmeal Stout","14.50%",4.4,559,144,"3409 Woodland Park Avenue North","","Seattle","WA","98103"
171,"Foundation Brewing Company","Epiphany","American Double / Imperial IPA","8.00%",4.4,854,26,"1 Industrial Way?","","Portland","ME","4103"
172,"Boston Beer Company (Samuel Adams)","Samuel Adams Utopias","American Strong Ale","29.00%",4.4,2487,137,"30 Germania St","","Jamaica Plain","MA","2130"
173,"AleSmith Brewing Company","AleSmith Speedway Stout - Vietnamese Coffee","American Double / Imperial Stout","12.00%",4.4,1709,37,"9990 AleSmith Ct","","San Diego","CA","92126"
174,"Bayerische Staatsbrauerei Weihenstephan","Weihenstephaner Hefeweissbier","Hefeweizen","5.40%",4.4,8168,57,"Alte Akademie 2","","Freising","Germany","85354"
175,"Sante Adairius Rustic Ales","West Ashley","American Wild Ale","7.30%",4.4,943,174,"103 Kennedy Dr","","Capitola","CA","95010"
176,"Peg's Cantina & Brew Pub","Trademark Dispute: Pallet 1","American Double / Imperial Stout","10.40%",4.4,301,132,"Closed","","","",""
177,"Bottle Logic Brewing","Ground State - 2nd Anniversary Beer","American Double / Imperial Stout","12.50%",4.4,374,146,"1072 N Armando St","","Anaheim","CA","92806"
178,"Trillium Brewing Company","Double Dry Hopped Sleeper Street","American IPA","7.20%",4.4,722,172,"369 Congress St","","Boston","MA","2210"
179,"Hair of the Dog Brewing Company / Brewery and Tasting Room","Matt","American Strong Ale","11.50%",4.39,831,78,"61 SE Yamhill St","","Portland","OR","97214"
180,"Bottle Logic Brewing","Leche Borracho","American Double / Imperial Stout","11.00%",4.39,270,130,"1072 N Armando St","","Anaheim","CA","92806"
181,"Three Floyds Brewing Company","French Vanilla Militia","Russian Imperial Stout","Imperial",4.39,116,74,"9750 Indiana Pkwy","","Munster","IN","46321"
182,"Hill Farmstead Brewery","Society & Solitude #6","American Double / Imperial IPA","8.10%",4.39,671,155,"403 Hill Rd","","Greensboro Bend","VT","5842"
183,"Trillium Brewing Company","Double Dry Hopped Scaled","American IPA","7.00%",4.39,566,155,"369 Congress St","","Boston","MA","2210"
184,"Trillium Brewing Company","Double Dry Hopped Melcher Street","American IPA","7.30%",4.39,784,176,"369 Congress St","","Boston","MA","2210"
185,"Alpine Beer Company","Great","American Barleywine","14.00%",4.39,653,39,"2363 Alpine Blvd","","Alpine","CA","91901"
186,"Cascade Brewing / Raccoon Lodge & Brewpub","Cascade Sang Noir","American Wild Ale","9.50%",4.39,1631,67,"7424 SW Beaverton-Hillsdale Hwy","","Portland","OR","97225"
187,"Toppling Goliath Brewing Company","XHOPS (Gold Label)","American Pale Ale (APA)","5.30%",4.39,437,160,"310 College Dr","","Decorah","IO","52101"
188,"Parish Brewing Company","Ghost In The Machine","American Double / Imperial IPA","8.00%",4.39,543,174,"229 Jared Dr","","Broussard","LA","70518"
189,"Hill Farmstead Brewery","Aaron","English Barleywine","BreweryEnglish",4.39,340,102,"403 Hill Rd","","Greensboro Bend","VT","5842"
190,"Brasserie Dieu du Ciel!","Péché Mortel","American Double / Imperial Stout","9.50%",4.39,5029,11,"29 Av Laurier O","","Montreal","QC","H2T 2N2"
191,"Three Floyds Brewing Company","Dreadnaught IPA","American Double / Imperial IPA","9.50%",4.39,5947,10,"9750 Indiana Pkwy","","Munster","IN","46321"
192,"Side Project Brewing","Saison Du Fermier","Saison / Farmhouse Ale","7.00%",4.39,627,123,"7373 Marietta Ave","","Maplewood","MI","63143"
193,"Pipeworks Brewing Company","Spotted Puffer","American Double / Imperial IPA","9.50%",4.39,300,123,"3912 W McLean Ave","","Chicago","IL","60647"
194,"Stone Brewing","Stone Enjoy By IPA","American Double / Imperial IPA","9.40%",4.39,10556,6,"1999 Citracado Parkway","","Escondido","CA","92029"
195,"Hoof Hearted Brewing","Dragonsaddle","American Double / Imperial IPA","11.20%",4.39,218,118,"300 County Rd 26","","Marengo","CO","43334"
196,"Trillium Brewing Company","Scaled Up","American Double / Imperial IPA","8.00%",4.39,618,168,"369 Congress St","","Boston","MA","2210"
197,"Hill Farmstead Brewery","Damon (Bourbon Barrel Aged)","Russian Imperial Stout","10.50%",4.38,676,182,"403 Hill Rd","","Greensboro Bend","VT","5842"
198,"Trillium Brewing Company","Vicinity","American Double / Imperial IPA","8.00%",4.38,1315,45,"369 Congress St","","Boston","MA","2210"
199,"Jackie O's Pub & Brewery","Bourbon Barrel Oro Negro","American Double / Imperial Stout","11.00%",4.38,270,116,"24 W Union St","","Athens","OH","45701"
200,"Hill Farmstead Brewery","Edward","American Pale Ale (APA)","5.20%",4.38,2578,107,"403 Hill Rd","","Greensboro Bend","VT","5842"
201,"The Lone Pint Brewery","Yellow Rose","American IPA","6.80%",4.38,1609,70,"507 Commerce St","","Magnolia","TX","77355"
202,"Noble Ale Works","Citra Showers","American Double / Imperial IPA","8.80%",4.38,482,153,"1621 S Sinclair St","","Anaheim","CA","92806"
203,"Pipeworks Brewing Company","Sure Bet","American Double / Imperial IPA","9.50%",4.38,513,146,"3912 W McLean Ave","","Chicago","IL","60647"
204,"Avery Brewing Company","Tweak","American Double / Imperial Stout","17.50%",4.38,2185,90,"4910 Nautilus Ct","","Boulder","CO","80301"
205,"4 Hands Brewing Company","Madagascar","Milk / Sweet Stout","9.30%",4.38,631,152,"1220 S 8th St","","St. Louis","MO","63104"
206,"Trillium Brewing Company","Dusk Trill Dawn","American Double / Imperial Stout","11.50%",4.38,368,145,"369 Congress St","","Boston","MA","2210"
207,"Lift Bridge Brewery","Barrel-Aged Silhouette","Russian Imperial Stout","10.00%",4.38,352,121,"1900 Tower Dr W","","Stillwater","MN","55082"
208,"Brouwerij Drie Fonteinen","Drie Fonteinen Hommage","Lambic - Fruit","6.00%",4.37,849,49,"3 Herman Teirlinckplein","","Beersel","Belgium","1650"
209,"Alpine Beer Company","Exponential Hoppiness","American Double / Imperial IPA","11.00%",4.37,1300,117,"2363 Alpine Blvd","","Alpine","CA","91901"
210,"Logsdon Farmhouse Ales","Peche 'n Brett","Saison / Farmhouse Ale","10.00%",4.37,1255,44,"4785 Booth Hill Rd","","Hood River","OR","97031"
211,"Alpine Beer Company","Nelson","American IPA","7.00%",4.37,4042,165,"2363 Alpine Blvd","","Alpine","CA","91901"
212,"Peg's Cantina & Brew Pub","Trademark Dispute: &+","American Double / Imperial Stout","10.50%",4.37,263,111,"Closed","","","",""
213,"Brasserie Dieu du Ciel!","Péché Mortel En Fût De Bourbon Américain","American Double / Imperial Stout","9.50%",4.37,452,176,"29 Av Laurier O","","Montreal","QC","H2T 2N2"
214,"Hill Farmstead Brewery","Genealogy Of Morals (Bourbon Barrel Aged)","American Double / Imperial Stout","10.70%",4.37,515,132,"403 Hill Rd","","Greensboro Bend","VT","5842"
215,"Tree House Brewing Company","Double Shot- Batch 500","American Stout","8.60%",4.37,82,61,"160 E Hill Rd","","Monson","MA","1057"
216,"Brasserie Cantillon","Cantillon Lou Pepe - Gueuze","Gueuze","5.00%",4.37,1115,64,"Rue Gheude 56","","Brussels","Belgium","1070"
217,"Other Half Brewing Company","All Green Everything","American Double / Imperial IPA","10.50%",4.37,966,22,"195 Centre St","","Brooklyn","NY","11231"
218,"Peg's Cantina & Brew Pub","Trademark Dispute: Nooner 10","American Double / Imperial Stout","12.00%",4.37,248,113,"Closed","","","",""
219,"Kern River Brewing Company","Winter Ale (5th Anniversary Ale)","American Double / Imperial IPA","8.00%",4.37,351,185,"13415 Sierra Way","","Kernville","CA","93238"
220,"Ballast Point Brewing Company","Sculpin IPA","American IPA","7.00%",4.37,13640,56,"9045 Carroll Way","","San Diego","CA","92121"
221,"Other Half Brewing Company","Mosaic IPA","American IPA","7.20%",4.37,362,121,"195 Centre St","","Brooklyn","NY","11231"
222,"Side Project Brewing","Derivation #6 (Cinnamon, Cocoa Nibs And Ugandan Vanilla)","American Double / Imperial Stout","15.00%",4.37,42,28,"7373 Marietta Ave","","Maplewood","MI","63143"
223,"Kuhnhenn Brewing Company","Kuhnhenn Raspberry Eisbock","Eisbock","15.50%",4.37,1242,126,"5919 Chicago Rd","","Warren","MI","48092"
224,"AleSmith Brewing Company","AleSmith Speedway Stout","American Double / Imperial Stout","12.00%",4.37,6657,9,"9990 AleSmith Ct","","San Diego","CA","92126"
225,"The Bruery","Grey Monday","American Double / Imperial Stout","19.50%",4.37,1682,32,"715 Dunn Way","","Placentia","CA","92870"
226,"The Lost Abbey","Box Set Track #10 - Bat Out Of Hell","American Double / Imperial Stout","13.50%",4.37,995,30,"155 Mata Way #104","","San Marcos","CA","92069"
227,"Societe Brewing Company","The Pupil","American IPA","7.80%",4.36,878,179,"8262 Clairemont Mesa Blvd","","San Diego","CA","92111"
228,"Grimm Artisanal Ales","Tesseract","American Double / Imperial IPA","8.00%",4.36,470,161,"PO Box 150472","","Brooklyn","NY","11215"
229,"Grimm Artisanal Ales","Lumen","American IPA","6.40%",4.36,257,118,"PO Box 150472","","Brooklyn","NY","11215"
230,"Westbrook Brewing Company","Mexican Cake","American Double / Imperial Stout","10.50%",4.36,2653,101,"510 Ridge Rd","","Mount Pleasant","NC","29464"
231,"Grimm Artisanal Ales","Lambo Door","American Double / Imperial IPA","8.00%",4.36,493,182,"PO Box 150472","","Brooklyn","NY","11215"
232,"Aslin Beer Company","Mind The Hop","American Double / Imperial IPA","9.50%",4.36,91,84,"1330 N Forest St","","Bellingham","WA","98225"
233,"Clown Shoes","Breakfast Exorcism","American Double / Imperial Stout","11.00%",4.36,326,134,"23 Hayward St.","","Ipswich","MA","1938"
234,"Fremont Brewing Company","Bourbon Abominable Winter Ale","American Strong Ale","14.00%",4.36,1048,48,"3409 Woodland Park Avenue North","","Seattle","WA","98103"
235,"Hill Farmstead Brewery","Birth Of Tragedy","American Porter","9.00%",4.36,1161,47,"403 Hill Rd","","Greensboro Bend","VT","5842"
236,"Stone Brewing","Stone Enjoy By Unfiltered IPA","American Double / Imperial IPA","9.40%",4.36,1303,80,"1999 Citracado Parkway","","Escondido","CA","92029"
237,"New Glarus Brewing Company","Wisconsin Belgian Red","Fruit / Vegetable Beer","4.00%",4.35,3521,186,"2400 Hwy 69","","New Glarus","WA","53574"
238,"Hardywood Park Craft Brewery","Trickery","Milk / Sweet Stout","13.50%",4.35,363,123,"2410 Ownby Ln","","Richmond","VA","23220"
239,"New England Brewing Company","Locust Reign","American Double / Imperial IPA","8.50%",4.35,296,113,"175 Amity Rd","","Woodbridge","CT","6525"
240,"Boneyard Beer Company","Hop Venom Double IPA","American Double / Imperial IPA","8.90%",4.35,908,21,"37 NW Lake Pl, Suite B","","Bend","OR","97701"
241,"Grimm Artisanal Ales","Magnetic Compass","American IPA","6.40%",4.35,242,136,"PO Box 150472","","Brooklyn","NY","11215"
242,"New Glarus Brewing Company","Serendipity","Fruit / Vegetable Beer","4.00%",4.35,2808,87,"2400 Hwy 69","","New Glarus","WA","53574"
243,"Haymarket Pub & Brewery","Clare's Thirsty Ale","American Double / Imperial Stout","12.50%",4.35,182,84,"737 W. Randolph","","Chicago","IL","60661"
244,"Jackie O's Pub & Brewery","Bourbon Barrel Black Maple","American Porter","11.00%",4.35,912,182,"24 W Union St","","Athens","OH","45701"
245,"Lagunitas Brewing Company","High West-ified Imperial Coffee Stout","American Double / Imperial Stout","12.20%",4.35,1647,85,"1280 N McDowell Blvd","","Petaluma","CA","94954"
246,"The Bruery","Mocha Wednesday","American Double / Imperial Stout","19.20%",4.35,1266,19,"715 Dunn Way","","Placentia","CA","92870"
247,"Live Oak Brewing Company","Live Oak HefeWeizen","Hefeweizen","5.20%",4.35,1588,124,"1615 Crozier Ln","","Del Valle","TX","78617"
248,"Buxton Brewery","Buxton / Omnipollo Yellow Belly","American Double / Imperial Stout","11.00%",4.35,378,154,"Staden Business Park","","Buxton","UK","SK17 9RZ"
249,"Ballast Point Brewing Company","Victory At Sea Coffee Vanilla Imperial Porter","American Porter","10.00%",4.35,6760,5,"9045 Carroll Way","","San Diego","CA","92121"
250,"Hardywood Park Craft Brewery","Kentucky Christmas Morning","Milk / Sweet Stout","10.60%",4.35,161,88,"2410 Ownby Ln","","Richmond","VA","23220"
